{"polyfill":["/polyfill-7c59e5ef69ebf4d04312.js"],"app":["/app-2ca44589b8142348e083.js"],"component---cache-caches-gatsby-plugin-offline-app-shell-js":["/component---cache-caches-gatsby-plugin-offline-app-shell-js-4dfecd1f2d0e74648e38.js"],"component---src-pages-404-js":["/component---src-pages-404-js-6cf3b4a4dea51c44bd14.js"],"component---src-pages-about-js":["/component---src-pages-about-js-843666f93ad4820ed76b.js"],"component---src-pages-index-js":["/component---src-pages-index-js-89f00337c5c64e59cdd8.js"],"component---src-templates-project-js":["/component---src-templates-project-js-cc02dd73d414a98bf245.js"],"component---src-templates-projects-js":["/component---src-templates-projects-js-4325ac46f7cc9af7f863.js"],"component---src-templates-tools-js":["/component---src-templates-tools-js-4676bd5eb3c8906472a3.js"]}