{"errors":[],"warnings":[],"namedChunkGroups":{"polyfill":{"chunks":[6,16],"assets":["webpack-runtime-6b8589a4d62f7645f8a1.js","webpack-runtime-6b8589a4d62f7645f8a1.js.map","polyfill-7c59e5ef69ebf4d04312.js","polyfill-7c59e5ef69ebf4d04312.js.map"],"children":{},"childAssets":{}},"app":{"chunks":[6,15,7],"assets":["webpack-runtime-6b8589a4d62f7645f8a1.js","webpack-runtime-6b8589a4d62f7645f8a1.js.map","framework-a38040c4749cf445737f.js","framework-a38040c4749cf445737f.js.map","app-2ca44589b8142348e083.js","app-2ca44589b8142348e083.js.map"],"children":{},"childAssets":{}},"component---cache-caches-gatsby-plugin-offline-app-shell-js":{"chunks":[8],"assets":["component---cache-caches-gatsby-plugin-offline-app-shell-js-4dfecd1f2d0e74648e38.js","component---cache-caches-gatsby-plugin-offline-app-shell-js-4dfecd1f2d0e74648e38.js.map"],"children":{},"childAssets":{}},"component---src-pages-404-js":{"chunks":[0,9],"assets":["b31463368e55a9b4cf4bf7a6eeadc6c8b5ff7c6e-c0bd6130fe1669e3d972.js","b31463368e55a9b4cf4bf7a6eeadc6c8b5ff7c6e-c0bd6130fe1669e3d972.js.map","component---src-pages-404-js-6cf3b4a4dea51c44bd14.js","component---src-pages-404-js-6cf3b4a4dea51c44bd14.js.map"],"children":{},"childAssets":{}},"component---src-pages-about-js":{"chunks":[4,0,1,10],"assets":["styles.d1b002db7ad02990ad2e.css","styles-c6fefb7f482bcee5f133.js","styles-c6fefb7f482bcee5f133.js.map","b31463368e55a9b4cf4bf7a6eeadc6c8b5ff7c6e-c0bd6130fe1669e3d972.js","b31463368e55a9b4cf4bf7a6eeadc6c8b5ff7c6e-c0bd6130fe1669e3d972.js.map","c8b81d2520d4909a75a52b4dc86d8fe111bc7ba2-4b1a3fac021d6608b685.js","c8b81d2520d4909a75a52b4dc86d8fe111bc7ba2-4b1a3fac021d6608b685.js.map","component---src-pages-about-js-843666f93ad4820ed76b.js","component---src-pages-about-js-843666f93ad4820ed76b.js.map"],"children":{},"childAssets":{}},"component---src-pages-index-js":{"chunks":[4,0,1,3,5,11],"assets":["styles.d1b002db7ad02990ad2e.css","styles-c6fefb7f482bcee5f133.js","styles-c6fefb7f482bcee5f133.js.map","b31463368e55a9b4cf4bf7a6eeadc6c8b5ff7c6e-c0bd6130fe1669e3d972.js","b31463368e55a9b4cf4bf7a6eeadc6c8b5ff7c6e-c0bd6130fe1669e3d972.js.map","c8b81d2520d4909a75a52b4dc86d8fe111bc7ba2-4b1a3fac021d6608b685.js","c8b81d2520d4909a75a52b4dc86d8fe111bc7ba2-4b1a3fac021d6608b685.js.map","37164d247041ae9fffea136eefc2633b9b50bdde-c5de9fb8ddcf09a026fd.js","37164d247041ae9fffea136eefc2633b9b50bdde-c5de9fb8ddcf09a026fd.js.map","28251f7b66618f0c76dd05e59f6f85812bedd59b-7ddcb13bf41548b72595.js","28251f7b66618f0c76dd05e59f6f85812bedd59b-7ddcb13bf41548b72595.js.map","component---src-pages-index-js-89f00337c5c64e59cdd8.js","component---src-pages-index-js-89f00337c5c64e59cdd8.js.map"],"children":{},"childAssets":{}},"component---src-templates-project-js":{"chunks":[4,2,0,1,5,12],"assets":["styles.d1b002db7ad02990ad2e.css","styles-c6fefb7f482bcee5f133.js","styles-c6fefb7f482bcee5f133.js.map","29107295-672e17d2d0b3cd1834ba.js","29107295-672e17d2d0b3cd1834ba.js.map","b31463368e55a9b4cf4bf7a6eeadc6c8b5ff7c6e-c0bd6130fe1669e3d972.js","b31463368e55a9b4cf4bf7a6eeadc6c8b5ff7c6e-c0bd6130fe1669e3d972.js.map","c8b81d2520d4909a75a52b4dc86d8fe111bc7ba2-4b1a3fac021d6608b685.js","c8b81d2520d4909a75a52b4dc86d8fe111bc7ba2-4b1a3fac021d6608b685.js.map","28251f7b66618f0c76dd05e59f6f85812bedd59b-7ddcb13bf41548b72595.js","28251f7b66618f0c76dd05e59f6f85812bedd59b-7ddcb13bf41548b72595.js.map","component---src-templates-project-js-cc02dd73d414a98bf245.js","component---src-templates-project-js-cc02dd73d414a98bf245.js.map"],"children":{},"childAssets":{}},"component---src-templates-projects-js":{"chunks":[2,0,1,3,13],"assets":["29107295-672e17d2d0b3cd1834ba.js","29107295-672e17d2d0b3cd1834ba.js.map","b31463368e55a9b4cf4bf7a6eeadc6c8b5ff7c6e-c0bd6130fe1669e3d972.js","b31463368e55a9b4cf4bf7a6eeadc6c8b5ff7c6e-c0bd6130fe1669e3d972.js.map","c8b81d2520d4909a75a52b4dc86d8fe111bc7ba2-4b1a3fac021d6608b685.js","c8b81d2520d4909a75a52b4dc86d8fe111bc7ba2-4b1a3fac021d6608b685.js.map","37164d247041ae9fffea136eefc2633b9b50bdde-c5de9fb8ddcf09a026fd.js","37164d247041ae9fffea136eefc2633b9b50bdde-c5de9fb8ddcf09a026fd.js.map","component---src-templates-projects-js-4325ac46f7cc9af7f863.js","component---src-templates-projects-js-4325ac46f7cc9af7f863.js.map"],"children":{},"childAssets":{}},"component---src-templates-tools-js":{"chunks":[2,0,1,3,14],"assets":["29107295-672e17d2d0b3cd1834ba.js","29107295-672e17d2d0b3cd1834ba.js.map","b31463368e55a9b4cf4bf7a6eeadc6c8b5ff7c6e-c0bd6130fe1669e3d972.js","b31463368e55a9b4cf4bf7a6eeadc6c8b5ff7c6e-c0bd6130fe1669e3d972.js.map","c8b81d2520d4909a75a52b4dc86d8fe111bc7ba2-4b1a3fac021d6608b685.js","c8b81d2520d4909a75a52b4dc86d8fe111bc7ba2-4b1a3fac021d6608b685.js.map","37164d247041ae9fffea136eefc2633b9b50bdde-c5de9fb8ddcf09a026fd.js","37164d247041ae9fffea136eefc2633b9b50bdde-c5de9fb8ddcf09a026fd.js.map","component---src-templates-tools-js-4676bd5eb3c8906472a3.js","component---src-templates-tools-js-4676bd5eb3c8906472a3.js.map"],"children":{},"childAssets":{}}},"assetsByChunkName":{"polyfill":["webpack-runtime-6b8589a4d62f7645f8a1.js","polyfill-7c59e5ef69ebf4d04312.js"],"app":["webpack-runtime-6b8589a4d62f7645f8a1.js","framework-a38040c4749cf445737f.js","app-2ca44589b8142348e083.js"],"component---cache-caches-gatsby-plugin-offline-app-shell-js":["component---cache-caches-gatsby-plugin-offline-app-shell-js-4dfecd1f2d0e74648e38.js"],"component---src-pages-404-js":["b31463368e55a9b4cf4bf7a6eeadc6c8b5ff7c6e-c0bd6130fe1669e3d972.js","component---src-pages-404-js-6cf3b4a4dea51c44bd14.js"],"component---src-pages-about-js":["styles.d1b002db7ad02990ad2e.css","styles-c6fefb7f482bcee5f133.js","b31463368e55a9b4cf4bf7a6eeadc6c8b5ff7c6e-c0bd6130fe1669e3d972.js","c8b81d2520d4909a75a52b4dc86d8fe111bc7ba2-4b1a3fac021d6608b685.js","component---src-pages-about-js-843666f93ad4820ed76b.js"],"component---src-pages-index-js":["styles.d1b002db7ad02990ad2e.css","styles-c6fefb7f482bcee5f133.js","b31463368e55a9b4cf4bf7a6eeadc6c8b5ff7c6e-c0bd6130fe1669e3d972.js","c8b81d2520d4909a75a52b4dc86d8fe111bc7ba2-4b1a3fac021d6608b685.js","37164d247041ae9fffea136eefc2633b9b50bdde-c5de9fb8ddcf09a026fd.js","28251f7b66618f0c76dd05e59f6f85812bedd59b-7ddcb13bf41548b72595.js","component---src-pages-index-js-89f00337c5c64e59cdd8.js"],"component---src-templates-project-js":["styles.d1b002db7ad02990ad2e.css","styles-c6fefb7f482bcee5f133.js","29107295-672e17d2d0b3cd1834ba.js","b31463368e55a9b4cf4bf7a6eeadc6c8b5ff7c6e-c0bd6130fe1669e3d972.js","c8b81d2520d4909a75a52b4dc86d8fe111bc7ba2-4b1a3fac021d6608b685.js","28251f7b66618f0c76dd05e59f6f85812bedd59b-7ddcb13bf41548b72595.js","component---src-templates-project-js-cc02dd73d414a98bf245.js"],"component---src-templates-projects-js":["29107295-672e17d2d0b3cd1834ba.js","b31463368e55a9b4cf4bf7a6eeadc6c8b5ff7c6e-c0bd6130fe1669e3d972.js","c8b81d2520d4909a75a52b4dc86d8fe111bc7ba2-4b1a3fac021d6608b685.js","37164d247041ae9fffea136eefc2633b9b50bdde-c5de9fb8ddcf09a026fd.js","component---src-templates-projects-js-4325ac46f7cc9af7f863.js"],"component---src-templates-tools-js":["29107295-672e17d2d0b3cd1834ba.js","b31463368e55a9b4cf4bf7a6eeadc6c8b5ff7c6e-c0bd6130fe1669e3d972.js","c8b81d2520d4909a75a52b4dc86d8fe111bc7ba2-4b1a3fac021d6608b685.js","37164d247041ae9fffea136eefc2633b9b50bdde-c5de9fb8ddcf09a026fd.js","component---src-templates-tools-js-4676bd5eb3c8906472a3.js"]}}