{"data":{"allMarkdownRemark":{"edges":[{"node":{"id":"dfb6968b-05a4-5b70-91ec-bf957d119bfb","frontmatter":{"title":"About","name":"Eoan","roles":["Full Stack 💻","Mobile Apps 📱","Designer 🎨","Entrepreneur 📈","DevOps Engineer 🛠","CS Student 📖"],"socialLinks":[{"name":"Github","link":"https://github.com/eoanodea","icon":"github"},{"name":"Linkedin","link":"https://www.linkedin.com/in/eoanodea/","icon":"linkedin"},{"name":"Contact me","link":"https://wspace.ie/contact/#contact-form","icon":"envelope"}]},"rawMarkdownBody":"\nI help people grow their businesses, and build cool stuff.\n\nI've worked as a Freelance Web Developer for over 4 years, and during this time have completed over 25 successful projects, and pleased many clients.\n\nI'm based mainly on the web, but I also dabble in other cool stuff, and am always open to learning new things.\n\nCheck out my [projects👇🏻](#projects)!\n"}}]}}}